{
    "avg_prec": {
        "train": 0.9999126566733993,
        "test": 0.8587965976526689
    },
    "roc_auc": {
        "train": 0.9999915531832818,
        "test": 0.9674855140727753
    }
}
