{
    "avg_prec": {
        "train": 0.8185944114738369,
        "test": 0.8137842734292353
    },
    "roc_auc": {
        "train": 0.9621591842189909,
        "test": 0.9610413761458023
    }
}
