{
    "avg_prec": {
        "train": 0.9999240711295754,
        "test": 0.8535770140202725
    },
    "roc_auc": {
        "train": 0.9999928785290478,
        "test": 0.9581161201759025
    }
}
