{
    "avg_prec": {
        "train": 0.8190959091086021,
        "test": 0.8117278260254847
    },
    "roc_auc": {
        "train": 0.9619879640790742,
        "test": 0.9615225490196078
    }
}
