{
    "avg_prec": {
        "train": 0.8185856864059184,
        "test": 0.8137713228794654
    },
    "roc_auc": {
        "train": 0.9621614226254213,
        "test": 0.961045505105571
    }
}
